Orthogroup,Site (Codon),alpha (Syn),beta+ (Non-syn),p-value,Affected Lineages (Tips/Nodes)
OG0000018_cleaned,201,2.291395818707017e-07,824.5327825481039,0.01678852359468652,"Vatica odorata, Node1"
OG0000031_cleaned,1,3.778051417790227e-08,382.0574397421957,0.03186909356859502,Node15
OG0000030_cleaned,11,7.127441617791523e-09,927.5945479848483,0.02312067244076743,Node1
OG0000030_cleaned,171,8.40240332781947e-10,2826.81301288232,0.001273442393826207,Shorea henryana
OG0000009_cleaned,45,6.833961577712232e-08,299.1875624444417,0.0457792886077657,Node1
OG0000009_cleaned,108,3.26661491819022e-09,643.605278811653,0.02595134851448488,Node24
OG0000009_cleaned,275,4.44044973190312e-08,240.6898701466963,0.04134317748838756,Node1
OG0000009_cleaned,298,1.063092412843367e-07,602.1621950555763,0.02328202567364357,Node21
OG0000009_cleaned,366,3.863514820379573e-08,599.7503154536896,0.02358715509855858,Node7
OG0000029_cleaned,220,1.835628166236408e-08,661.3510199184662,0.04041759701894299,"Dipterocarpus gracilis, Node26"
OG0000010_cleaned,190,4.034242271396723e-08,585.0045302926399,0.02065929297087543,"Vatica rassak, Node14, Node24"
