Block_ID,VN1_Start,VN1_End,VN1_Strand,CH1_Start,CH1_End,CH1_Strand,CH2_Start,CH2_End,CH2_Strand,10_Sro_Shorea_Start,10_Sro_Shorea_End,10_Sro_Shorea_Strand,Cacao_Outgroup_Start,Cacao_Outgroup_End,Cacao_Outgroup_Strand
LCB_1,216904,216951,+,387705,387752,+,25576,25623,-,203064,203111,+,-,-,-
LCB_2,130032,130288,+,300832,301088,+,155769,156025,+,201809,202058,-,-,-,-
LCB_3,130632,132881,+,301432,303681,+,156369,158618,+,199221,201465,-,-,-,-
LCB_4,133836,134030,+,304636,304830,+,159573,159767,+,195705,195899,-,-,-,-
LCB_5,134152,134289,+,304952,305089,+,159889,160026,+,195452,195589,-,-,-,-
LCB_6,359958,360712,+,117520,118274,+,354373,355127,+,194639,195268,+,-,-,-
LCB_7,192764,193052,+,363565,363853,+,49471,49759,-,189287,189575,-,-,-,-
LCB_8,193495,193590,+,364296,364391,+,48934,49028,-,188759,188844,-,-,-,-
LCB_9,194878,196243,+,365679,367044,+,46280,47645,-,186098,187464,-,-,-,-
LCB_10,198051,198071,+,368852,368872,+,44453,44472,-,184272,184291,-,-,-,-
LCB_11,198191,200673,+,368992,371474,+,41850,44332,-,181669,184151,-,-,-,-
LCB_12,200927,201102,+,371728,371903,+,41421,41596,-,181240,181415,-,-,-,-
LCB_13,201177,201943,+,371978,372744,+,40581,41346,-,180400,181165,-,-,-,-
LCB_14,203900,206937,+,374701,377738,+,35586,38623,-,175395,178442,-,-,-,-
LCB_15,206938,206956,+,377739,377757,+,35567,35586,-,175394,175394,-,-,-,-
LCB_16,206958,209622,+,377759,380423,+,32901,35565,-,172720,175392,-,-,-,-
LCB_17,308276,308378,+,65843,65945,+,302749,302851,+,150911,151013,+,-,-,-
LCB_18,307971,308082,+,65538,65649,+,302444,302555,+,150606,150717,+,-,-,-
LCB_19,307297,307676,+,64864,65243,+,301770,302149,+,149932,150311,+,-,-,-
LCB_20,20743,21016,+,191570,191838,+,220280,220551,-,255243,255510,+,-,-,-
LCB_21,14113,19447,+,184940,190274,+,221847,227181,-,248599,253947,+,-,-,-
LCB_22,113456,115007,+,284275,285826,+,139137,140687,+,244882,246357,-,-,-,-
LCB_23,10220,13945,+,181047,184772,+,227349,231074,-,241147,244876,+,-,-,-
LCB_24,10050,10170,+,180877,180997,+,231125,231244,-,240982,241097,+,-,-,-
LCB_25,9927,9957,+,180754,180784,+,231338,231367,-,240859,240889,+,-,-,-
LCB_26,9533,9634,+,180360,180461,+,231660,231761,-,240465,240566,+,-,-,-
LCB_27,3667,8998,+,174494,179825,+,232296,237627,-,234601,239930,+,-,-,-
LCB_28,2508,2834,+,173335,173661,+,238460,238786,-,233442,233768,+,-,-,-
LCB_29,224,2292,+,171051,173119,+,239002,241070,-,231164,233226,+,-,-,-
LCB_30,1,95,+,170828,170922,+,6,100,-,228639,228732,+,-,-,-
LCB_31,241750,242426,+,412541,413217,+,101,777,-,227962,228630,+,-,-,-
LCB_32,241565,241636,+,412356,412427,+,891,962,-,227777,227848,+,-,-,-
LCB_33,232383,240907,+,403183,411698,+,1620,10144,-,215914,224454,+,-,-,-
LCB_34,232355,232382,+,403155,403182,+,10146,10172,-,215885,215913,+,-,-,-
LCB_35,232045,232353,+,402845,403153,+,10174,10482,-,215576,215884,+,-,-,-
LCB_36,232007,232044,+,402807,402844,+,-,-,-,215538,215575,+,-,-,-
LCB_37,228661,232006,+,399461,402806,+,10521,13866,-,212191,215537,+,-,-,-
LCB_38,225291,225294,+,396092,396095,+,17233,17237,-,208817,208820,+,-,-,-
LCB_39,220954,225098,+,391755,395899,+,17429,21573,-,204479,208624,+,-,-,-
LCB_40,385941,385951,+,143503,143513,+,380356,380366,+,99504,100774,+,-,-,-
LCB_41,384914,385323,+,142476,142885,+,379329,379738,+,98475,98886,+,-,-,-
LCB_42,376742,376865,+,134304,134427,+,371157,371280,+,90313,90436,+,-,-,-
LCB_43,372754,376575,+,130316,134137,+,367169,370990,+,86333,90146,+,-,-,-
LCB_44,109884,109926,+,280703,280745,+,135565,135607,+,83226,83268,+,-,-,-
LCB_45,107563,109485,+,278382,280304,+,133244,135166,+,80905,82827,+,-,-,-
LCB_46,46482,51321,+,217313,222152,+,191272,196111,-,75997,80834,-,-,-,-
LCB_47,354808,355372,+,112370,112934,+,349223,349787,+,69928,70492,+,-,-,-
LCB_48,82327,82694,+,253153,253520,+,108008,108375,+,69599,69862,+,-,-,-
LCB_49,82798,83354,+,253624,254180,+,108479,109035,+,68956,69509,+,-,-,-
LCB_50,353570,354802,+,111132,112364,+,347985,349217,+,67486,68718,+,-,-,-
LCB_51,210936,210955,+,381737,381756,+,31569,31587,-,65301,65320,+,-,-,-
LCB_52,209968,209997,+,380769,380798,+,32526,32555,-,64328,64357,+,-,-,-
LCB_53,249288,249914,+,6854,7480,+,244152,244778,+,63658,64284,-,-,-,-
LCB_54,249942,254342,+,7509,11899,+,244808,249198,+,59303,63653,-,-,-,-
LCB_55,254800,254881,+,12357,12438,+,249656,249737,+,58764,58845,-,-,-,-
LCB_56,261517,261656,+,19074,19213,+,256373,256512,+,48793,48932,+,-,-,-
LCB_57,258851,260431,+,16408,17988,+,253707,255287,+,46127,47707,+,-,-,-
LCB_58,257252,257932,+,14809,15489,+,252108,252788,+,44528,45208,+,-,-,-
LCB_59,306745,306842,+,64312,64409,+,301218,301315,+,149380,149477,+,-,-,-
LCB_60,306601,306692,+,64168,64259,+,301074,301165,+,149236,149327,+,-,-,-
LCB_61,304792,305757,+,62359,63324,+,299265,300230,+,147427,148392,+,-,-,-
LCB_62,303774,303870,+,61341,61437,+,298247,298343,+,146417,146505,+,-,-,-
LCB_63,302813,303673,+,60380,61240,+,297286,298146,+,145456,146316,+,-,-,-
LCB_64,301736,302211,+,59303,59778,+,296209,296684,+,144379,144854,+,-,-,-
LCB_65,301123,301553,+,58690,59120,+,295596,296026,+,143766,144196,+,-,-,-
LCB_66,298404,300252,+,55971,57819,+,292877,294725,+,141055,142895,+,-,-,-
LCB_67,294585,294960,+,52150,52527,+,-,-,-,137250,137627,+,-,-,-
LCB_68,292550,294584,+,50115,52149,+,287408,289442,+,135221,137249,+,-,-,-
LCB_69,284869,284895,+,42427,42453,+,279727,279753,+,127533,127560,+,-,-,-
LCB_70,282887,282890,+,40445,40448,+,277745,277748,+,125556,125559,+,-,-,-
LCB_71,281587,281608,+,39145,39166,+,276445,276466,+,124256,124277,+,-,-,-
LCB_72,277632,277655,+,35189,35213,+,272488,272513,+,120300,120324,+,-,-,-
LCB_73,276877,277007,+,34434,34564,+,271733,271863,+,119545,119675,+,-,-,-
LCB_74,276780,276819,+,34337,34376,+,271636,271675,+,119448,119487,+,-,-,-
LCB_75,275838,275866,+,33395,33423,+,270694,270722,+,118513,118541,+,-,-,-
LCB_76,273876,274584,+,31433,32141,+,268732,269440,+,116551,117259,+,-,-,-
LCB_77,272419,272657,+,29976,30214,+,267275,267513,+,115094,115332,+,-,-,-
LCB_78,272145,272148,+,29702,29705,+,267001,267004,+,114809,114812,+,-,-,-
LCB_79,364020,365518,+,121582,123080,+,358435,359933,+,373822,375320,+,-,-,-
LCB_80,62498,62589,+,233333,233424,+,179990,180081,-,373417,373509,-,-,-,-
LCB_81,146214,147614,+,317014,318414,+,171951,173351,+,365397,366797,+,-,-,-
LCB_82,142278,143716,+,313078,314516,+,168015,169453,+,361465,362890,+,-,-,-
LCB_83,140983,142097,+,311783,312897,+,166720,167834,+,360161,361275,+,-,-,-
LCB_84,136989,137095,+,307789,307895,+,162726,162832,+,356175,356281,+,-,-,-
LCB_85,136399,136445,+,307199,307245,+,162136,162182,+,355585,355631,+,-,-,-
LCB_86,134839,135059,+,305639,305859,+,160576,160796,+,354025,354245,+,-,-,-
LCB_87,-,-,-,-,-,-,89098,89098,-,347218,347218,-,-,-,-
LCB_88,153426,153488,+,324226,324288,+,89035,89097,-,347155,347217,-,-,-,-
LCB_89,154338,155863,+,325138,326663,+,86660,88185,-,344793,346313,-,-,-,-
LCB_90,156727,157238,+,327527,328038,+,85285,85797,-,343418,343930,-,-,-,-
LCB_91,157398,159705,+,328198,330505,+,82818,85125,-,340947,343258,-,-,-,-
LCB_92,159927,160307,+,330727,331107,+,82216,82596,-,340345,340725,-,-,-,-
LCB_93,366715,369541,+,124277,127103,+,361130,363956,+,337522,340339,+,-,-,-
LCB_94,355576,356051,+,113138,113613,+,349991,350466,+,331880,332355,+,-,-,-
LCB_95,51324,51637,+,222155,222468,+,190956,191269,-,331149,331462,-,-,-,-
LCB_96,51846,51982,+,222677,222813,+,190612,190747,-,330808,330940,-,-,-,-
LCB_97,52136,53562,+,222967,224393,+,189031,190457,-,329222,330653,-,-,-,-
LCB_98,174318,174901,+,345119,345702,+,67622,68205,-,423139,423706,-,-,-,-
LCB_99,174926,175811,+,345727,346612,+,66712,67597,-,422240,423114,-,-,-,-
LCB_100,360815,363124,+,118377,120686,+,355230,357539,+,420555,421990,+,-,-,-
LCB_101,186601,189370,+,357402,360171,+,53153,55922,-,417705,420465,+,-,-,-
LCB_102,185917,186600,+,356718,357401,+,55924,56606,-,417701,417704,+,-,-,-
LCB_103,184057,185915,+,354858,356716,+,56608,58466,-,415849,417700,+,-,-,-
LCB_104,177697,183931,+,348498,354732,+,58592,64826,-,409489,415723,+,-,-,-
LCB_105,177428,177492,+,348229,348293,+,65031,65096,-,409227,409291,+,-,-,-
LCB_106,175871,176362,+,346672,347163,+,66161,66652,-,407670,408161,+,-,-,-
LCB_107,163276,173533,+,334076,344334,+,68990,79247,-,397397,407665,+,-,-,-
LCB_108,161952,163051,+,332752,333851,+,79472,80571,-,392931,394027,+,-,-,-
LCB_109,83355,83711,+,254181,254537,+,109036,109392,+,391542,391895,+,-,-,-
LCB_110,173824,174317,+,344625,345118,+,68206,68699,-,390971,391461,+,-,-,-
LCB_111,161944,161951,+,332744,332751,+,80572,80579,-,390665,390670,+,-,-,-
LCB_112,160374,161731,+,331174,332531,+,80792,82149,-,389092,390452,+,-,-,-
LCB_113,89197,89301,+,260017,260121,+,114878,114982,+,385969,386073,+,-,-,-
LCB_114,86899,87118,+,257725,257944,+,112580,112799,+,383718,383937,+,-,-,-
LCB_115,86148,86150,+,256974,256976,+,111829,111831,+,382967,382969,+,-,-,-
LCB_116,220774,220951,+,391575,391752,+,21576,21753,-,377050,377221,+,-,-,-
LCB_117,112970,113455,+,283789,284274,+,138651,139136,+,376575,377049,+,-,-,-
LCB_118,76452,80744,+,247287,251579,+,102133,106425,+,287729,290350,-,-,-,-
LCB_119,311641,316735,+,69208,74293,+,306114,311208,+,282643,287724,-,-,-,-
LCB_120,318962,319009,+,76520,76567,+,313435,313482,+,280369,280415,-,-,-,-
LCB_121,319444,319447,+,77002,77005,+,313917,313920,+,279931,279933,-,-,-,-
LCB_122,324816,324856,+,82374,82414,+,319289,319329,+,274506,274545,-,-,-,-
LCB_123,326168,326328,+,83726,83886,+,320641,320801,+,273031,273190,-,-,-,-
LCB_124,329004,329007,+,86572,86575,+,323477,323480,+,270342,270344,-,-,-,-
LCB_125,329793,330114,+,87361,87682,+,324266,324587,+,269241,269561,-,-,-,-
LCB_126,330342,330731,+,87910,88299,+,324815,325204,+,268848,269236,-,-,-,-
LCB_127,331060,333020,+,88628,90588,+,325533,327493,+,266558,268518,-,-,-,-
LCB_128,333193,333975,+,90761,91543,+,327666,328448,+,265603,266385,-,-,-,-
LCB_129,333990,334567,+,91558,92135,+,328463,329040,+,264966,265543,-,-,-,-
LCB_130,334744,335104,+,92312,92672,+,329217,329577,+,264606,264961,-,-,-,-
LCB_131,335674,335681,+,93242,93249,+,330147,330154,+,264596,264602,-,-,-,-
LCB_132,336563,337056,+,94131,94624,+,331036,331529,+,263236,263713,-,-,-,-
LCB_133,337684,337720,+,95252,95288,+,332157,332193,+,262572,262607,-,-,-,-
LCB_134,338886,338935,+,96454,96503,+,333359,333408,+,261364,261413,-,-,-,-
LCB_135,126027,127957,+,296827,298757,+,151764,153694,+,259247,261177,+,-,-,-
LCB_136,125620,125622,+,296420,296422,+,151357,151359,+,259021,259023,+,-,-,-
LCB_137,53568,54504,+,224403,225339,+,188075,189011,-,328286,329222,-,-,-,-
LCB_138,60578,60613,+,231413,231448,+,181966,182002,-,322171,322207,-,-,-,-
LCB_139,60802,61319,+,231637,232154,+,181260,181777,-,321465,321982,-,-,-,-
LCB_140,61445,61550,+,232280,232385,+,181029,181134,-,321240,321345,-,-,-,-
LCB_141,61875,62328,+,232710,233163,+,180251,180704,-,320469,320915,-,-,-,-
LCB_142,386054,386843,+,143616,144409,+,380469,381258,+,319669,320458,-,-,-,-
LCB_143,386924,387336,+,144490,144902,+,381339,381751,+,319176,319588,-,-,-,-
LCB_144,390767,392329,+,148333,149895,+,385182,386744,+,314183,315745,-,-,-,-
LCB_145,392705,400372,+,150271,157938,+,387120,394774,+,306132,313807,-,-,-,-
LCB_146,401488,401645,+,159054,159211,+,395890,396047,+,305970,306127,-,-,-,-
LCB_147,402077,405212,+,159643,162778,+,396479,399614,+,302831,305965,-,-,-,-
LCB_148,405421,405863,+,162987,163429,+,399823,400265,+,302180,302621,-,-,-,-
LCB_149,407901,407927,+,165467,165493,+,402303,402329,+,300115,300141,-,-,-,-
LCB_150,408311,408562,+,165877,166128,+,402713,402964,+,299341,299601,-,-,-,-
LCB_151,409128,409213,+,166694,166779,+,403530,403615,+,298992,299079,-,-,-,-
LCB_152,220239,220670,+,391040,391471,+,21857,22288,-,295202,295633,+,-,-,-
LCB_153,219420,219979,+,390221,390780,+,22548,23107,-,294393,294942,+,-,-,-
LCB_154,218517,219186,+,389318,389987,+,23341,24010,-,293490,294159,+,-,-,-
LCB_155,371658,372543,+,129220,130105,+,366073,366958,+,291549,292224,-,-,-,-
LCB_156,67035,67460,+,237870,238295,+,92716,93141,+,290355,290774,-,-,-,-
LCB_157,216952,218516,+,387753,389317,+,24011,25575,-,-,-,-,-,-,-
LCB_158,212595,216903,+,383396,387704,+,25624,29933,-,-,-,-,-,-,-
LCB_159,40382,40834,+,211204,211656,+,201760,202211,-,25362,25814,+,-,-,-
LCB_160,211860,211895,+,382661,382696,+,30628,30663,-,-,-,-,-,-,-
LCB_161,115008,125001,+,285827,295802,+,140688,150738,+,-,-,-,-,-,-
LCB_162,107561,107562,+,278380,278381,+,133242,133243,+,-,-,-,-,-,-
LCB_163,41009,41394,+,211831,212216,+,201200,201584,-,25989,26374,+,-,-,-
LCB_164,96535,96697,+,267354,267516,+,122216,122378,+,-,-,-,-,-,-
LCB_165,95082,96184,+,265901,267003,+,120763,121865,+,-,-,-,-,-,-
LCB_166,94529,94975,+,265348,265794,+,120210,120656,+,-,-,-,-,-,-
LCB_167,41521,42793,+,212343,213615,+,199800,201072,-,26501,27765,+,-,-,-
LCB_168,93534,93672,+,264353,264491,+,119215,119353,+,-,-,-,-,-,-
LCB_169,42990,43011,+,213812,213833,+,199583,199603,-,27962,27983,+,-,-,-
LCB_170,92300,93303,+,263119,264122,+,117981,118984,+,-,-,-,-,-,-
LCB_171,87528,87551,+,258348,258371,+,113209,113232,+,-,-,-,-,-,-
LCB_172,43152,44186,+,213974,215017,+,198408,199441,-,28123,29166,+,-,-,-
LCB_173,85857,85859,+,256683,256685,+,111538,111540,+,-,-,-,-,-,-
LCB_174,129085,129952,+,299885,300752,+,154822,155689,+,-,-,-,-,-,-
LCB_175,132882,132887,+,303682,303687,+,158619,158624,+,-,-,-,-,-,-
LCB_176,338946,339824,+,96514,97392,+,333419,334297,+,6696,7613,+,-,-,-
LCB_177,44511,45041,+,215342,215872,+,197552,198082,-,29491,30032,+,-,-,-
LCB_178,133057,133835,+,303857,304635,+,158794,159572,+,-,-,-,-,-,-
LCB_179,134290,134838,+,305090,305638,+,160027,160575,+,-,-,-,-,-,-
LCB_180,45042,45042,+,-,-,-,197551,197551,-,30033,30033,+,-,-,-
LCB_181,45043,45246,+,215873,216077,+,197348,197550,-,30034,30237,+,-,-,-
LCB_182,62329,62497,+,233164,233332,+,180082,180250,-,-,-,-,-,-,-
LCB_183,266844,271488,+,24401,29045,+,261700,266344,+,-,-,-,-,-,-
LCB_184,45247,46288,+,216078,217119,+,196305,197346,-,30238,31295,+,-,-,-
LCB_185,409214,413260,+,166780,170826,+,403616,407662,+,-,-,-,-,-,-
LCB_186,408563,409127,+,166129,166693,+,402965,403529,+,-,-,-,-,-,-
LCB_187,407928,408310,+,165494,165876,+,402330,402712,+,-,-,-,-,-,-
LCB_188,401646,402076,+,159212,159642,+,396048,396478,+,-,-,-,-,-,-
LCB_189,400373,401487,+,157939,159053,+,394775,395889,+,-,-,-,-,-,-
LCB_190,63417,63417,+,234252,234252,+,-,-,-,-,-,-,-,-,-
LCB_191,385952,386053,+,143514,143615,+,380367,380468,+,-,-,-,-,-,-
LCB_192,27387,27529,+,198209,198351,+,213767,213908,-,12368,12510,+,-,-,-
LCB_193,96,100,+,170923,170927,+,1,5,-,-,-,-,-,-,-
LCB_194,240908,241564,+,411699,412355,+,963,1619,-,-,-,-,-,-,-
LCB_195,29195,29199,+,200017,200021,+,212097,212100,-,14176,14180,+,-,-,-
LCB_196,372544,372753,+,130106,130315,+,366959,367168,+,-,-,-,-,-,-
LCB_197,232354,232354,+,403154,403154,+,10173,10173,-,-,-,-,-,-,-
LCB_198,370431,371657,+,127993,129219,+,364846,366072,+,-,-,-,-,-,-
LCB_199,29892,32022,+,200714,202844,+,209273,211403,-,14873,17003,+,-,-,-
LCB_200,220952,220953,+,391753,391754,+,21574,21575,-,-,-,-,-,-,-
LCB_201,220771,220773,+,391572,391574,+,21754,21756,-,-,-,-,-,-,-
LCB_202,32128,33735,+,202950,204557,+,207532,209167,-,17109,18708,+,-,-,-
LCB_203,369542,370376,+,127104,127938,+,363957,364791,+,-,-,-,-,-,-
LCB_204,33736,35608,+,204558,206430,+,-,-,-,18709,20581,+,-,-,-
LCB_205,35609,37027,+,206431,207849,+,205532,206884,-,20582,22007,+,-,-,-
LCB_206,366679,366714,+,124241,124276,+,361094,361129,+,-,-,-,-,-,-
LCB_207,363125,364019,+,120687,121581,+,357540,358434,+,-,-,-,-,-,-
LCB_208,40197,40200,+,211019,211022,+,202394,202396,-,25177,25180,+,-,-,-
LCB_209,360713,360814,+,118275,118376,+,355128,355229,+,-,-,-,-,-,-
LCB_210,22882,24424,+,193704,195246,+,216871,218413,-,7870,9405,+,-,-,-
LCB_211,242440,242476,+,2,38,+,-,-,-,-,-,-,-,-,-
LCB_212,359956,359957,+,117518,117519,+,354371,354372,+,-,-,-,-,-,-
LCB_213,355550,355575,+,113112,113137,+,349965,349990,+,-,-,-,-,-,-
LCB_214,189371,189379,+,360172,360180,+,53144,53152,-,-,-,-,-,-,-
LCB_215,206957,206957,+,377758,377758,+,35566,35566,-,-,-,-,-,-,-
LCB_216,101259,101801,+,272078,272620,+,126940,127482,+,37056,37598,-,-,-,-
LCB_217,211896,212594,+,382697,383395,+,-,-,-,-,-,-,-,-,-
LCB_218,334568,334743,+,92136,92311,+,329041,329216,+,-,-,-,-,-,-
LCB_219,242477,246335,+,39,3899,+,407665,411508,+,-,-,-,-,-,-
LCB_220,101151,101178,+,271970,271997,+,126832,126859,+,37680,37706,-,-,-,-
LCB_221,333976,333989,+,91544,91557,+,328449,328462,+,-,-,-,-,-,-
LCB_222,330115,330341,+,87683,87909,+,324588,324814,+,-,-,-,-,-,-
LCB_223,100861,100941,+,271680,271760,+,126542,126622,+,37918,37998,-,-,-,-
LCB_224,160308,160373,+,331108,331173,+,82150,82215,-,-,-,-,-,-,-
LCB_225,323809,323811,+,81367,81369,+,318282,318284,+,-,-,-,-,-,-
LCB_226,100745,100807,+,271564,271626,+,126426,126488,+,38052,38114,-,-,-,-
LCB_227,310112,311640,+,67679,69207,+,304585,306113,+,-,-,-,-,-,-
LCB_228,100392,100430,+,271211,271249,+,126073,126111,+,38430,38467,-,-,-,-
LCB_229,63419,64470,+,234254,235305,+,89100,90151,+,1,1052,+,-,-,-
LCB_230,63418,63418,+,234253,234253,+,89099,89099,+,-,-,-,-,-,-
LCB_231,209907,209967,+,380708,380768,+,32556,32616,-,-,-,-,-,-,-
LCB_232,99264,100072,+,270083,270891,+,124945,125753,+,38787,39599,-,-,-,-
LCB_233,67031,67032,+,237866,237867,+,92712,92713,+,-,-,-,-,-,-
LCB_234,99184,99187,+,270003,270006,+,124865,124868,+,39677,39679,-,-,-,-
LCB_235,67461,76451,+,238296,247286,+,93142,102132,+,-,-,-,-,-,-
LCB_236,80745,80844,+,251580,251679,+,106426,106525,+,-,-,-,-,-,-
LCB_237,80893,80896,+,251728,251731,+,106574,106577,+,-,-,-,-,-,-
LCB_238,96698,98921,+,267517,269740,+,122379,124602,+,39942,42157,-,-,-,-
LCB_239,82118,82326,+,252944,253152,+,107799,108007,+,-,-,-,-,-,-
LCB_240,254884,256186,+,12441,13743,+,249740,251042,+,42160,43462,+,-,-,-
LCB_241,82695,82797,+,253521,253623,+,108376,108478,+,-,-,-,-,-,-
LCB_242,83934,83937,+,254760,254763,+,109615,109618,+,-,-,-,-,-,-
LCB_243,53563,53567,+,224394,224402,+,189012,189030,-,-,-,-,-,-,-
LCB_244,107347,107560,+,278166,278379,+,133028,133241,+,31304,31517,-,-,-,-
LCB_245,254882,254883,+,12439,12440,+,249738,249739,+,-,-,-,-,-,-
LCB_246,51322,51323,+,222153,222154,+,191270,191271,-,-,-,-,-,-,-
LCB_247,46289,46481,+,217120,217312,+,196112,196304,-,-,-,-,-,-,-
LCB_248,107120,107124,+,277939,277943,+,132801,132805,+,31741,31744,-,-,-,-
LCB_249,22876,22881,+,193698,193703,+,218414,218419,-,-,-,-,-,-,-
LCB_250,249915,249941,+,7481,7508,+,244779,244807,+,-,-,-,-,-,-
LCB_251,246336,249287,+,3900,6853,+,241194,244151,+,-,-,-,-,-,-
LCB_252,105807,106682,+,276626,277501,+,131488,132363,+,32182,33057,-,-,-,-
LCB_253,13946,14112,+,184773,184939,+,227182,227348,-,-,-,-,-,-,-
LCB_254,106,223,+,170933,171050,+,241071,241188,-,-,-,-,-,-,-
LCB_255,335105,335673,+,92673,93241,+,329578,330146,+,-,-,-,-,-,-
LCB_256,105418,105533,+,276237,276352,+,131099,131214,+,33331,33446,-,-,-,-
LCB_257,163052,163275,+,333852,334075,+,79249,79471,-,-,-,-,-,-,-
LCB_258,338936,338945,+,96504,96513,+,333409,333418,+,-,-,-,-,-,-
LCB_259,185916,185916,+,356717,356717,+,56607,56607,-,-,-,-,-,-,-
LCB_260,354803,354807,+,112365,112369,+,349218,349222,+,-,-,-,-,-,-
LCB_261,350782,351499,+,108344,109061,+,345197,345914,+,-,-,-,-,-,-
LCB_262,101,105,+,170928,170932,+,-,-,-,-,-,-,-,-,-
LCB_263,67033,67034,+,237868,237869,+,-,-,-,-,-,-,-,-,-
LCB_264,349407,350301,+,106969,107863,+,343822,344716,+,-,-,-,-,-,-
LCB_265,175812,175870,+,346613,346671,+,66653,66711,-,-,-,-,-,-,-
LCB_266,174902,174925,+,345703,345726,+,67598,67622,-,-,-,-,-,-,-
LCB_267,339825,349335,+,97393,106897,+,334298,343750,+,-,-,-,-,-,-
LCB_268,105303,105341,+,276122,276160,+,130984,131022,+,33524,33555,-,-,-,-
LCB_269,173534,173823,+,344335,344624,+,68700,68989,-,-,-,-,-,-,-
LCB_270,305758,306600,+,63325,64167,+,300231,301073,+,148393,149235,+,6079,6805,-
LCB_271,303871,304791,+,61438,62358,+,298344,299264,+,146506,147426,+,6811,7734,-
LCB_272,303674,303773,+,61241,61340,+,298147,298246,+,146317,146416,+,7901,7998,-
LCB_273,333021,333192,+,90589,90760,+,327494,327665,+,266386,266557,-,9219,9408,+
LCB_274,335682,336562,+,93250,94130,+,330155,331035,+,263714,264594,-,10302,11184,+
LCB_275,337057,337683,+,94625,95251,+,331530,332156,+,262608,263234,-,11189,11814,+
LCB_276,337721,338885,+,95289,96453,+,332194,333358,+,261414,262570,-,11909,13071,+
LCB_277,300253,300471,+,57820,58038,+,294726,294944,+,142896,143114,+,13774,13973,-
LCB_278,142098,142277,+,312898,313077,+,167835,168014,+,361276,361464,+,16415,16591,+
LCB_279,143717,146213,+,314517,317013,+,169454,171950,+,362891,365396,+,17407,17589,+
LCB_280,89302,92299,+,260122,263118,+,114983,117980,+,386074,389070,+,18792,20889,-
LCB_281,88484,89196,+,259304,260016,+,114165,114877,+,385256,385968,+,21110,21807,-
LCB_282,209623,209906,+,380424,380707,+,32617,32900,-,172431,172719,-,29245,29531,+
LCB_283,-,-,-,-,-,-,-,-,-,172382,172430,-,29532,29580,+
LCB_284,209998,210935,+,380799,381736,+,31588,32525,-,64358,65300,+,29779,30739,+
LCB_285,210956,210964,+,381757,381765,+,31559,31567,-,65321,65329,+,30742,30750,+
LCB_286,210965,211859,+,381766,382660,+,30664,31558,-,-,-,-,30751,31645,+
LCB_287,256187,257251,+,13744,14808,+,251043,252107,+,43463,44527,+,31889,32298,+
LCB_288,32023,32127,+,202845,202949,+,209168,209272,-,17004,17108,+,35243,35345,+
LCB_289,-,-,-,-,-,-,-,-,-,167017,167101,-,37216,37300,-
LCB_290,-,-,-,-,-,-,-,-,-,167107,168324,-,37324,38529,-
LCB_291,-,-,-,-,-,-,-,-,-,168348,172244,-,38553,42410,-
LCB_292,-,-,-,-,-,-,-,-,-,109276,110246,+,42492,43463,-
LCB_293,-,-,-,-,-,-,-,-,-,108265,109271,+,43508,44531,-
LCB_294,109927,112969,+,280746,283788,+,135608,138650,+,83269,86311,+,53014,54075,-
LCB_295,109486,109883,+,280305,280702,+,135167,135564,+,82828,83225,+,54080,54486,-
LCB_296,136446,136988,+,307246,307788,+,162183,162725,+,355632,356174,+,64432,64979,-
LCB_297,135060,136398,+,305860,307198,+,160797,162135,+,354246,355584,+,65959,67303,-
LCB_298,157239,157397,+,328039,328197,+,85126,85284,-,343259,343417,-,74817,74966,-
LCB_299,155864,156726,+,326664,327526,+,85797,86659,-,343930,344792,-,76592,77456,-
LCB_300,105534,105806,+,276353,276625,+,131215,131487,+,33058,33330,-,77483,77755,+
LCB_301,64471,67030,+,235306,237865,+,90152,92711,+,1053,3606,+,78052,80238,-
LCB_302,134031,134151,+,304831,304951,+,159768,159888,+,195590,195704,-,82052,82172,-
LCB_303,-,-,-,-,-,-,-,-,-,196015,196171,-,82599,82754,-
LCB_304,376576,376741,+,134138,134303,+,370991,371156,+,90147,90312,+,97835,97999,+
LCB_305,376866,384913,+,134428,142475,+,371281,379328,+,90437,98474,+,98004,106076,+
LCB_306,385324,385940,+,142886,143502,+,379739,380355,+,98887,99503,+,106625,106796,+
LCB_307,61551,61874,+,232386,232709,+,180705,181028,-,320916,321239,-,108369,108715,-
LCB_308,-,-,-,-,-,-,-,-,-,101136,101254,+,118721,118849,-
LCB_309,106683,107119,+,277502,277938,+,132364,132800,+,31745,32181,-,124511,124960,+
LCB_310,107125,107346,+,277944,278165,+,132806,133027,+,31518,31739,-,125007,125222,+
LCB_311,102313,105302,+,273132,276121,+,127994,130983,+,33556,36544,-,132517,135493,+
LCB_312,105342,105417,+,276161,276236,+,131023,131098,+,33447,33522,-,135498,135566,+
LCB_313,-,-,-,-,-,-,-,-,-,112850,113005,+,137868,138017,-
LCB_314,307677,307970,+,65244,65537,+,302150,302443,+,150312,150605,+,140337,140512,+
LCB_315,159706,159926,+,330506,330726,+,82597,82817,-,340726,340946,-,151886,152106,-
LCB_316,87577,88384,+,258397,259204,+,113258,114065,+,384349,385156,+,153644,154455,-
LCB_317,87552,87576,+,258372,258396,+,113233,113257,+,-,-,-,154457,154480,-
LCB_318,87526,87527,+,258346,258347,+,113207,113208,+,-,-,-,154484,154485,-
LCB_319,87119,87525,+,257945,258345,+,112800,113206,+,383938,384344,+,154486,154902,-
LCB_320,86151,86898,+,256977,257724,+,111832,112579,+,382970,383717,+,155505,156291,-
LCB_321,85860,86147,+,256686,256973,+,111541,111828,+,382679,382966,+,156313,156605,-
LCB_322,-,-,-,-,-,-,-,-,-,382339,382678,+,156606,156953,-
LCB_323,85659,85856,+,256485,256682,+,111340,111537,+,382142,382338,+,156954,157149,-
LCB_324,85577,85658,+,256403,256484,+,111258,111339,+,-,-,-,157151,157231,-
LCB_325,83938,85576,+,254764,256402,+,109619,111257,+,380504,382138,+,157232,158875,-
LCB_326,-,-,-,-,-,-,-,-,-,379882,380503,+,158876,159490,-
LCB_327,219980,220238,+,390781,391039,+,22289,22547,-,294943,295201,+,161220,161472,+
LCB_328,62590,63416,+,233425,234251,+,179163,179989,-,372590,373416,-,163094,163901,-
LCB_329,351500,353569,+,109062,111131,+,345915,347984,+,-,-,-,165205,165355,+
LCB_330,130289,130631,+,301089,301431,+,156026,156368,+,201466,201808,-,167358,167699,-
LCB_331,2293,2507,+,173120,173334,+,238787,239001,-,233227,233441,+,168538,168754,-
LCB_332,308083,308275,+,65650,65842,+,302556,302748,+,150718,150910,+,169463,169659,+
LCB_333,308379,310111,+,65946,67678,+,302852,304584,+,151014,152746,+,169723,170420,+
LCB_334,101802,102312,+,272621,273131,+,127483,127993,+,36545,37055,-,172097,172605,-
LCB_335,147615,153425,+,318415,324225,+,173352,179162,+,366798,372589,+,172748,173876,+
LCB_336,127958,128141,+,298758,298941,+,153695,153878,+,261178,261361,+,176672,176858,+
LCB_337,128142,129084,+,298942,299884,+,153879,154821,+,-,-,-,176859,176882,+
LCB_338,93673,94528,+,264492,265347,+,119354,120209,+,-,-,-,180480,180779,-
LCB_339,93304,93533,+,264123,264352,+,118985,119214,+,-,-,-,180856,181070,-
LCB_340,392330,392704,+,149896,150270,+,386745,387119,+,313808,314182,-,182920,183294,+
LCB_341,405213,405420,+,162779,162986,+,399615,399822,+,302622,302829,-,195200,195411,+
LCB_342,405864,407900,+,163430,165466,+,400266,402302,+,300142,302178,-,195435,197476,+
LCB_343,200674,200926,+,371475,371727,+,41597,41849,-,181416,181668,-,198507,198765,-
LCB_344,-,-,-,-,-,-,-,-,-,105964,106152,+,204616,204810,-
LCB_345,276820,276876,+,34377,34433,+,271676,271732,+,119488,119544,+,205259,205314,+
LCB_346,277008,277631,+,34565,35188,+,271864,272487,+,119676,120299,+,205324,205952,+
LCB_347,277656,281586,+,35214,39144,+,272514,276444,+,120325,124255,+,205957,209840,+
LCB_348,272658,273875,+,30215,31432,+,267514,268731,+,115333,116550,+,210351,210858,+
LCB_349,-,-,-,-,-,-,-,-,-,105697,105958,+,212994,213252,+
LCB_350,350302,350781,+,107864,108343,+,344717,345196,+,-,-,-,214879,215119,-
LCB_351,349336,349406,+,106898,106968,+,343751,343821,+,-,-,-,216099,216166,-
LCB_352,316736,318961,+,74294,76519,+,311209,313434,+,280416,282642,-,222512,224745,+
LCB_353,319010,319443,+,76568,77001,+,313483,313916,+,279934,280367,-,224785,225217,+
LCB_354,319448,323808,+,77006,81366,+,313921,318281,+,275576,279929,-,225690,230035,+
LCB_355,-,-,-,-,-,-,-,-,-,275550,275575,-,230036,230060,+
LCB_356,323812,324815,+,81370,82373,+,318285,319288,+,274546,275549,-,230061,231058,+
LCB_357,324857,326167,+,82415,83725,+,319330,320640,+,273191,274504,-,231100,232410,+
LCB_358,326329,329003,+,83887,86571,+,320802,323476,+,270345,273029,-,232414,235095,+
LCB_359,329008,329792,+,86576,87360,+,323481,324265,+,269562,270340,-,235144,235922,+
LCB_360,330732,331059,+,88300,88627,+,325205,325532,+,268519,268846,-,236371,236698,+
LCB_361,196244,196968,+,367045,367769,+,45555,46279,-,185373,186097,-,239635,240363,+
LCB_362,19448,20742,+,190275,191569,+,220552,221846,-,253948,255242,+,240397,241701,+
LCB_363,21017,22875,+,191839,193697,+,218420,220278,-,255511,257376,+,241706,243574,+
LCB_364,-,-,-,-,-,-,-,-,-,257377,257670,+,243575,243870,+
LCB_365,-,-,-,-,-,-,-,-,-,257705,258407,+,243902,244613,+
LCB_366,125002,125619,+,295803,296419,+,150739,151356,+,258408,259020,+,244614,245211,+
LCB_367,125623,126026,+,296423,296826,+,151360,151763,+,259024,259246,+,245251,245595,+
LCB_368,60614,60801,+,231449,231636,+,181778,181965,-,321983,322170,-,247647,247834,-
LCB_369,54505,60577,+,225340,231412,+,182002,188074,-,322207,328285,-,247851,253942,-
LCB_370,272149,272418,+,29706,29975,+,267005,267274,+,114813,115093,+,260108,260149,-
LCB_371,271489,272144,+,29046,29701,+,266345,267000,+,114142,114808,+,262031,262697,-
LCB_372,301554,301735,+,59121,59302,+,296027,296208,+,144197,144378,+,265986,266164,+
LCB_373,302212,302812,+,59779,60379,+,296685,297285,+,144855,145455,+,266635,266907,+
LCB_374,137096,140982,+,307896,311782,+,162833,166719,+,356282,360160,+,268566,269714,+
LCB_375,100808,100860,+,271627,271679,+,126489,126541,+,37999,38051,-,269905,269957,-
LCB_376,201103,201176,+,371904,371977,+,41347,41420,-,181166,181239,-,270148,270226,+
LCB_377,201944,203899,+,372745,374700,+,38624,40579,-,178443,180398,-,270780,272726,+
LCB_378,-,-,-,-,-,-,-,-,-,336486,337521,+,273149,273411,-
LCB_379,193053,193494,+,363854,364295,+,49029,49470,-,188845,189286,-,273430,273877,+
LCB_380,193591,194877,+,364392,365678,+,47646,48932,-,187465,188757,-,273882,275179,+
LCB_381,386844,386923,+,144410,144489,+,381259,381338,+,319589,319668,-,284688,284761,+
LCB_382,-,-,-,-,-,-,-,-,-,229366,229730,+,285272,285611,-
LCB_383,241637,241749,+,412428,412540,+,778,890,-,227849,227961,+,287068,287181,-
LCB_384,257933,258850,+,15490,16407,+,252789,253706,+,45209,46126,+,289658,290568,+
LCB_385,260432,261516,+,17989,19073,+,255288,256372,+,47708,48792,+,291458,292554,+
LCB_386,261657,266843,+,19214,24400,+,256513,261699,+,48933,54099,+,292845,295440,+
LCB_387,356052,359955,+,113614,117517,+,350467,354370,+,332356,336260,+,302662,303463,-
LCB_388,83712,83933,+,254538,254759,+,109393,109614,+,391896,392117,+,306970,307188,-
LCB_389,161732,161943,+,332532,332743,+,80580,80791,-,390453,390664,+,308465,308696,-
LCB_390,285841,292549,+,43399,50114,+,280699,287407,+,128506,135220,+,315100,318509,+
LCB_391,189380,192763,+,360181,363564,+,49760,53143,-,189576,192959,-,327201,330588,+
LCB_392,225295,228660,+,396096,399460,+,13867,17232,-,208821,212190,+,340620,344054,-
LCB_393,225099,225290,+,395900,396091,+,17237,17428,-,208625,208816,+,344084,344274,-
LCB_394,196969,198050,+,367770,368851,+,44473,45554,-,184292,185372,-,347551,348609,+
LCB_395,198072,198190,+,368873,368991,+,44333,44451,-,184152,184270,-,348753,348878,+
LCB_396,98922,99183,+,269741,270002,+,124603,124864,+,39680,39941,-,351825,352090,+
LCB_397,99188,99263,+,270007,270082,+,124869,124944,+,39600,39675,-,352128,352210,+
LCB_398,183932,184056,+,354733,354857,+,58467,58591,-,415724,415848,+,355181,355301,-
LCB_399,80897,82117,+,251732,252943,+,106578,107798,+,-,-,-,359549,359588,-
LCB_400,80845,80892,+,251680,251727,+,106526,106573,+,-,-,-,359614,359661,-
LCB_401,284896,285840,+,42454,43398,+,279754,280698,+,127561,128505,+,360307,361236,-
LCB_402,282891,284868,+,40449,42426,+,277749,279726,+,125560,127532,+,361241,363216,-
LCB_403,281609,282886,+,39167,40444,+,276467,277744,+,124278,125555,+,364045,365324,-
LCB_404,254343,254799,+,11900,12356,+,249199,249655,+,58846,59302,-,365329,365785,+
LCB_405,-,-,-,-,-,-,-,-,-,6583,6695,+,366500,366603,+
LCB_406,61320,61444,+,232155,232279,+,181135,181259,-,321346,321464,-,369946,370093,-
LCB_407,387337,390766,+,144903,148332,+,381752,385181,+,315746,319175,-,387086,390542,-
LCB_408,9635,9926,+,180462,180753,+,231368,231659,-,240567,240858,+,390552,390843,+
LCB_409,9958,10049,+,180785,180876,+,231245,231336,-,240890,240981,+,390848,390936,+
LCB_410,10171,10219,+,180998,181046,+,231075,231123,-,241098,241146,+,391051,391099,+
LCB_411,96185,96534,+,267004,267353,+,121866,122215,+,-,-,-,394078,394282,-
LCB_412,94976,95081,+,265795,265900,+,120657,120762,+,-,-,-,396222,396324,-
LCB_413,294961,294973,+,52528,52540,+,-,-,-,137628,137640,+,398580,398592,+
LCB_414,294974,298403,+,52541,55970,+,289447,292876,+,137641,141054,+,398593,400165,+
LCB_415,177493,177696,+,348294,348497,+,64827,65030,-,409292,409488,+,409703,409897,-
LCB_416,176363,177427,+,347164,348228,+,65096,66160,-,408162,409226,+,409916,410945,-
LCB_417,220671,220770,+,391472,391571,+,21757,21856,-,295634,295733,+,415355,415443,+
LCB_418,300472,301122,+,58039,58689,+,294945,295595,+,143115,143765,+,417054,417290,-
LCB_419,306843,307296,+,64410,64863,+,301316,301769,+,149478,149931,+,424544,424604,-
LCB_420,306693,306744,+,64260,64311,+,301166,301217,+,149328,149379,+,424768,424819,-
LCB_421,132888,133056,+,303688,303856,+,158625,158793,+,199050,199218,+,426510,426548,-
LCB_422,-,-,-,-,-,-,-,-,-,198985,199049,+,426549,426612,-
LCB_423,-,-,-,-,-,-,-,-,-,197129,197502,+,427767,428161,-
LCB_424,-,-,-,-,-,-,-,-,-,196645,197096,+,428172,428600,-
LCB_425,37028,40196,+,207850,211018,+,202397,205531,-,22008,25176,+,438388,441553,+
LCB_426,40201,40381,+,211023,211203,+,202212,202392,-,25181,25361,+,442503,442683,+
LCB_427,40835,41008,+,211657,211830,+,201585,201758,-,25815,25988,+,443210,443371,+
LCB_428,41395,41520,+,212217,212342,+,201073,201198,-,26375,26500,+,443937,444055,+
LCB_429,2835,3666,+,173662,174493,+,237628,238459,-,233769,234600,+,448228,449077,+
LCB_430,-,-,-,-,-,-,-,-,-,100775,100978,+,452694,452892,-
LCB_431,8999,9532,+,179826,180359,+,231762,232295,-,239931,240464,+,461514,462036,+
LCB_432,219187,219419,+,389988,390220,+,23108,23340,-,294160,294392,+,471689,471923,+
LCB_433,88385,88483,+,259205,259303,+,114066,114164,+,385157,385255,+,471926,472014,+
LCB_434,365519,366678,+,123081,124240,+,359934,361093,+,375321,376494,+,477345,477737,+
LCB_435,100942,101150,+,271761,271969,+,126623,126831,+,37707,37917,-,479006,479212,+
LCB_436,101179,101258,+,271998,272077,+,126860,126939,+,37599,37678,-,479223,479314,+
LCB_437,100073,100391,+,270892,271210,+,125754,126072,+,38468,38786,-,479962,480292,+
LCB_438,100431,100744,+,271250,271563,+,126112,126425,+,38115,38428,-,480302,480624,+
LCB_439,-,-,-,-,-,-,-,-,-,226840,227077,+,483048,483285,-
LCB_440,24425,27386,+,195247,198208,+,213909,216870,-,9406,12367,+,499337,502316,+
LCB_441,27530,29194,+,198352,200016,+,212101,213765,-,12511,14175,+,502320,503995,+
LCB_442,29200,29891,+,200022,200713,+,211404,212095,-,14181,14872,+,504188,504878,+
LCB_443,274585,275837,+,32142,33394,+,269441,270693,+,117260,118512,+,505251,506492,+
LCB_444,275867,276779,+,33424,34336,+,270723,271635,+,118542,119447,+,506499,507369,+
LCB_445,51638,51845,+,222469,222676,+,190748,190955,-,330941,331148,-,510253,510450,+
LCB_446,51983,52135,+,222814,222966,+,190458,190610,-,330654,330806,-,510638,510805,+
LCB_447,153489,154337,+,324289,325137,+,88186,89034,-,346314,347154,-,515151,516003,-
LCB_448,370377,370430,+,127939,127992,+,364792,364845,+,-,-,-,516006,516064,-
LCB_449,42794,42989,+,213616,213811,+,199604,199799,-,27766,27961,+,517914,518112,+
LCB_450,43012,43151,+,213834,213973,+,199442,199581,-,27984,28122,+,518117,518260,+
LCB_451,44187,44510,+,215018,215341,+,198083,198406,-,29167,29490,+,518812,519129,+
LCB_452,355373,355549,+,112935,113111,+,349788,349964,+,70493,70669,+,525439,525594,-
LCB_453,129953,130026,+,300753,300826,+,155690,155763,+,-,-,-,531931,532002,+
LCB_454,130027,130031,+,300827,300831,+,155764,155768,+,202059,202063,-,532003,532007,+
LCB_455,-,-,-,-,-,-,10483,10520,+,-,-,-,-,-,-
LCB_456,-,-,-,-,-,-,29934,30627,+,-,-,-,-,-,-
LCB_457,-,-,-,-,-,-,206885,207531,+,-,-,-,-,-,-
LCB_458,-,-,-,-,-,-,-,-,-,3607,6582,+,-,-,-
LCB_459,-,-,-,-,-,-,-,-,-,7614,7869,+,-,-,-
LCB_460,-,-,-,-,-,-,-,-,-,54100,58763,+,-,-,-
LCB_461,-,-,-,-,-,-,-,-,-,64285,64327,+,-,-,-
LCB_462,-,-,-,-,-,-,-,-,-,65330,67485,+,-,-,-
LCB_463,-,-,-,-,-,-,-,-,-,68719,68955,+,-,-,-
LCB_464,-,-,-,-,-,-,-,-,-,69510,69598,+,-,-,-
LCB_465,-,-,-,-,-,-,-,-,-,69863,69927,+,-,-,-
LCB_466,-,-,-,-,-,-,-,-,-,70670,75996,+,-,-,-
LCB_467,-,-,-,-,-,-,-,-,-,80835,80904,+,-,-,-
LCB_468,-,-,-,-,-,-,-,-,-,86312,86332,+,-,-,-
LCB_469,-,-,-,-,-,-,-,-,-,100979,101135,+,-,-,-
LCB_470,-,-,-,-,-,-,-,-,-,101255,105696,+,-,-,-
LCB_471,-,-,-,-,-,-,-,-,-,106153,108264,+,-,-,-
LCB_472,-,-,-,-,-,-,-,-,-,110247,112849,+,-,-,-
LCB_473,-,-,-,-,-,-,-,-,-,113006,114141,+,-,-,-
LCB_474,-,-,-,-,-,-,-,-,-,152747,167016,+,-,-,-
LCB_475,-,-,-,-,-,-,-,-,-,168325,168347,+,-,-,-
LCB_476,-,-,-,-,-,-,-,-,-,172245,172381,+,-,-,-
LCB_477,-,-,-,-,-,-,-,-,-,192960,194638,+,-,-,-
LCB_478,-,-,-,-,-,-,-,-,-,195269,195451,+,-,-,-
LCB_479,-,-,-,-,-,-,-,-,-,195900,196014,+,-,-,-
LCB_480,-,-,-,-,-,-,-,-,-,196172,196644,+,-,-,-
LCB_481,-,-,-,-,-,-,-,-,-,197097,197128,+,-,-,-
LCB_482,-,-,-,-,-,-,-,-,-,197503,198984,+,-,-,-
LCB_483,-,-,-,-,-,-,-,-,-,202064,203063,+,-,-,-
LCB_484,-,-,-,-,-,-,-,-,-,203112,204478,+,-,-,-
LCB_485,-,-,-,-,-,-,-,-,-,224455,226839,+,-,-,-
LCB_486,-,-,-,-,-,-,-,-,-,227078,227776,+,-,-,-
LCB_487,-,-,-,-,-,-,-,-,-,228733,229365,+,-,-,-
LCB_488,-,-,-,-,-,-,-,-,-,229731,231163,+,-,-,-
LCB_489,-,-,-,-,-,-,-,-,-,246358,248598,+,-,-,-
LCB_490,-,-,-,-,-,-,-,-,-,257671,257704,+,-,-,-
LCB_491,-,-,-,-,-,-,-,-,-,265544,265602,+,-,-,-
LCB_492,-,-,-,-,-,-,-,-,-,290775,291548,+,-,-,-
LCB_493,-,-,-,-,-,-,-,-,-,292225,293489,+,-,-,-
LCB_494,-,-,-,-,-,-,-,-,-,295734,298991,+,-,-,-
LCB_495,-,-,-,-,-,-,-,-,-,299080,299340,+,-,-,-
LCB_496,-,-,-,-,-,-,-,-,-,299602,300114,+,-,-,-
LCB_497,-,-,-,-,-,-,-,-,-,331463,331879,+,-,-,-
LCB_498,-,-,-,-,-,-,-,-,-,336261,336485,+,-,-,-
LCB_499,-,-,-,-,-,-,-,-,-,347219,354024,+,-,-,-
LCB_500,-,-,-,-,-,-,-,-,-,373510,373821,+,-,-,-
LCB_501,-,-,-,-,-,-,-,-,-,376495,376574,+,-,-,-
LCB_502,-,-,-,-,-,-,-,-,-,377222,379881,+,-,-,-
LCB_503,-,-,-,-,-,-,-,-,-,389071,389091,+,-,-,-
LCB_504,-,-,-,-,-,-,-,-,-,390671,390970,+,-,-,-
LCB_505,-,-,-,-,-,-,-,-,-,391462,391541,+,-,-,-
LCB_506,-,-,-,-,-,-,-,-,-,392118,392930,+,-,-,-
LCB_507,-,-,-,-,-,-,-,-,-,394028,397396,+,-,-,-
LCB_508,-,-,-,-,-,-,-,-,-,420466,420554,+,-,-,-
LCB_509,-,-,-,-,-,-,-,-,-,421991,422239,+,-,-,-
LCB_510,-,-,-,-,-,-,-,-,-,423115,423138,+,-,-,-
LCB_511,-,-,-,-,-,-,-,-,-,-,-,-,1,6078,+
LCB_512,-,-,-,-,-,-,-,-,-,-,-,-,7735,7900,+
LCB_513,-,-,-,-,-,-,-,-,-,-,-,-,7999,9218,+
LCB_514,-,-,-,-,-,-,-,-,-,-,-,-,9409,10301,+
LCB_515,-,-,-,-,-,-,-,-,-,-,-,-,11815,11908,+
LCB_516,-,-,-,-,-,-,-,-,-,-,-,-,13072,13773,+
LCB_517,-,-,-,-,-,-,-,-,-,-,-,-,13974,16414,+
LCB_518,-,-,-,-,-,-,-,-,-,-,-,-,16592,17406,+
LCB_519,-,-,-,-,-,-,-,-,-,-,-,-,17590,18791,+
LCB_520,-,-,-,-,-,-,-,-,-,-,-,-,20890,21109,+
LCB_521,-,-,-,-,-,-,-,-,-,-,-,-,21808,29244,+
LCB_522,-,-,-,-,-,-,-,-,-,-,-,-,29581,29778,+
LCB_523,-,-,-,-,-,-,-,-,-,-,-,-,31646,31888,+
LCB_524,-,-,-,-,-,-,-,-,-,-,-,-,32299,35242,+
LCB_525,-,-,-,-,-,-,-,-,-,-,-,-,35346,37215,+
LCB_526,-,-,-,-,-,-,-,-,-,-,-,-,37301,37323,+
LCB_527,-,-,-,-,-,-,-,-,-,-,-,-,38530,38552,+
LCB_528,-,-,-,-,-,-,-,-,-,-,-,-,42411,42491,+
LCB_529,-,-,-,-,-,-,-,-,-,-,-,-,43464,43507,+
LCB_530,-,-,-,-,-,-,-,-,-,-,-,-,44532,53013,+
LCB_531,-,-,-,-,-,-,-,-,-,-,-,-,54487,64431,+
LCB_532,-,-,-,-,-,-,-,-,-,-,-,-,64980,65958,+
LCB_533,-,-,-,-,-,-,-,-,-,-,-,-,67304,74816,+
LCB_534,-,-,-,-,-,-,-,-,-,-,-,-,74967,76591,+
LCB_535,-,-,-,-,-,-,-,-,-,-,-,-,77457,77482,+
LCB_536,-,-,-,-,-,-,-,-,-,-,-,-,77756,78051,+
LCB_537,-,-,-,-,-,-,-,-,-,-,-,-,80239,82051,+
LCB_538,-,-,-,-,-,-,-,-,-,-,-,-,82173,82598,+
LCB_539,-,-,-,-,-,-,-,-,-,-,-,-,82755,97834,+
LCB_540,-,-,-,-,-,-,-,-,-,-,-,-,106077,106624,+
LCB_541,-,-,-,-,-,-,-,-,-,-,-,-,106797,108368,+
LCB_542,-,-,-,-,-,-,-,-,-,-,-,-,108716,118720,+
LCB_543,-,-,-,-,-,-,-,-,-,-,-,-,118850,124510,+
LCB_544,-,-,-,-,-,-,-,-,-,-,-,-,124961,125006,+
LCB_545,-,-,-,-,-,-,-,-,-,-,-,-,125223,132516,+
LCB_546,-,-,-,-,-,-,-,-,-,-,-,-,135567,137867,+
LCB_547,-,-,-,-,-,-,-,-,-,-,-,-,138018,140336,+
LCB_548,-,-,-,-,-,-,-,-,-,-,-,-,140513,151885,+
LCB_549,-,-,-,-,-,-,-,-,-,-,-,-,152107,153643,+
LCB_550,-,-,-,-,-,-,-,-,-,-,-,-,154903,155504,+
LCB_551,-,-,-,-,-,-,-,-,-,-,-,-,156292,156312,+
LCB_552,-,-,-,-,-,-,-,-,-,-,-,-,159491,161219,+
LCB_553,-,-,-,-,-,-,-,-,-,-,-,-,161473,163093,+
LCB_554,-,-,-,-,-,-,-,-,-,-,-,-,163902,165204,+
LCB_555,-,-,-,-,-,-,-,-,-,-,-,-,165356,167357,+
LCB_556,-,-,-,-,-,-,-,-,-,-,-,-,167700,168537,+
LCB_557,-,-,-,-,-,-,-,-,-,-,-,-,168755,169462,+
LCB_558,-,-,-,-,-,-,-,-,-,-,-,-,169660,169722,+
LCB_559,-,-,-,-,-,-,-,-,-,-,-,-,170421,172096,+
LCB_560,-,-,-,-,-,-,-,-,-,-,-,-,172606,172747,+
LCB_561,-,-,-,-,-,-,-,-,-,-,-,-,173877,176671,+
LCB_562,-,-,-,-,-,-,-,-,-,-,-,-,176883,180479,+
LCB_563,-,-,-,-,-,-,-,-,-,-,-,-,180780,180855,+
LCB_564,-,-,-,-,-,-,-,-,-,-,-,-,181071,182919,+
LCB_565,-,-,-,-,-,-,-,-,-,-,-,-,183295,195199,+
LCB_566,-,-,-,-,-,-,-,-,-,-,-,-,195412,195434,+
LCB_567,-,-,-,-,-,-,-,-,-,-,-,-,197477,198506,+
LCB_568,-,-,-,-,-,-,-,-,-,-,-,-,198766,204615,+
LCB_569,-,-,-,-,-,-,-,-,-,-,-,-,204811,205258,+
LCB_570,-,-,-,-,-,-,-,-,-,-,-,-,209841,210350,+
LCB_571,-,-,-,-,-,-,-,-,-,-,-,-,210859,212993,+
LCB_572,-,-,-,-,-,-,-,-,-,-,-,-,213253,214878,+
LCB_573,-,-,-,-,-,-,-,-,-,-,-,-,215120,216098,+
LCB_574,-,-,-,-,-,-,-,-,-,-,-,-,216167,222511,+
LCB_575,-,-,-,-,-,-,-,-,-,-,-,-,224746,224784,+
LCB_576,-,-,-,-,-,-,-,-,-,-,-,-,225218,225689,+
LCB_577,-,-,-,-,-,-,-,-,-,-,-,-,231059,231099,+
LCB_578,-,-,-,-,-,-,-,-,-,-,-,-,235096,235143,+
LCB_579,-,-,-,-,-,-,-,-,-,-,-,-,235923,236370,+
LCB_580,-,-,-,-,-,-,-,-,-,-,-,-,236699,239634,+
LCB_581,-,-,-,-,-,-,-,-,-,-,-,-,240364,240396,+
LCB_582,-,-,-,-,-,-,-,-,-,-,-,-,243871,243901,+
LCB_583,-,-,-,-,-,-,-,-,-,-,-,-,245212,245250,+
LCB_584,-,-,-,-,-,-,-,-,-,-,-,-,245596,247646,+
LCB_585,-,-,-,-,-,-,-,-,-,-,-,-,253943,260107,+
LCB_586,-,-,-,-,-,-,-,-,-,-,-,-,260150,262030,+
LCB_587,-,-,-,-,-,-,-,-,-,-,-,-,262698,265985,+
LCB_588,-,-,-,-,-,-,-,-,-,-,-,-,266165,266634,+
LCB_589,-,-,-,-,-,-,-,-,-,-,-,-,266908,268565,+
LCB_590,-,-,-,-,-,-,-,-,-,-,-,-,269715,269904,+
LCB_591,-,-,-,-,-,-,-,-,-,-,-,-,269958,270147,+
LCB_592,-,-,-,-,-,-,-,-,-,-,-,-,270227,270779,+
LCB_593,-,-,-,-,-,-,-,-,-,-,-,-,272727,273148,+
LCB_594,-,-,-,-,-,-,-,-,-,-,-,-,275180,284687,+
LCB_595,-,-,-,-,-,-,-,-,-,-,-,-,284762,285271,+
LCB_596,-,-,-,-,-,-,-,-,-,-,-,-,285612,287067,+
LCB_597,-,-,-,-,-,-,-,-,-,-,-,-,287182,289657,+
LCB_598,-,-,-,-,-,-,-,-,-,-,-,-,290569,291457,+
LCB_599,-,-,-,-,-,-,-,-,-,-,-,-,292555,292844,+
LCB_600,-,-,-,-,-,-,-,-,-,-,-,-,295441,302661,+
LCB_601,-,-,-,-,-,-,-,-,-,-,-,-,303464,306969,+
LCB_602,-,-,-,-,-,-,-,-,-,-,-,-,307189,308464,+
LCB_603,-,-,-,-,-,-,-,-,-,-,-,-,308697,315099,+
LCB_604,-,-,-,-,-,-,-,-,-,-,-,-,318510,327200,+
LCB_605,-,-,-,-,-,-,-,-,-,-,-,-,330589,340619,+
LCB_606,-,-,-,-,-,-,-,-,-,-,-,-,344055,344083,+
LCB_607,-,-,-,-,-,-,-,-,-,-,-,-,344275,347550,+
LCB_608,-,-,-,-,-,-,-,-,-,-,-,-,348610,348752,+
LCB_609,-,-,-,-,-,-,-,-,-,-,-,-,348879,351824,+
LCB_610,-,-,-,-,-,-,-,-,-,-,-,-,352091,352127,+
LCB_611,-,-,-,-,-,-,-,-,-,-,-,-,352211,355180,+
LCB_612,-,-,-,-,-,-,-,-,-,-,-,-,355302,359548,+
LCB_613,-,-,-,-,-,-,-,-,-,-,-,-,359589,359613,+
LCB_614,-,-,-,-,-,-,-,-,-,-,-,-,359662,360306,+
LCB_615,-,-,-,-,-,-,-,-,-,-,-,-,363217,364044,+
LCB_616,-,-,-,-,-,-,-,-,-,-,-,-,365786,366499,+
LCB_617,-,-,-,-,-,-,-,-,-,-,-,-,366604,369945,+
LCB_618,-,-,-,-,-,-,-,-,-,-,-,-,370094,387085,+
LCB_619,-,-,-,-,-,-,-,-,-,-,-,-,390937,391050,+
LCB_620,-,-,-,-,-,-,-,-,-,-,-,-,391100,394077,+
LCB_621,-,-,-,-,-,-,-,-,-,-,-,-,394283,396221,+
LCB_622,-,-,-,-,-,-,-,-,-,-,-,-,396325,398579,+
LCB_623,-,-,-,-,-,-,-,-,-,-,-,-,400166,409702,+
LCB_624,-,-,-,-,-,-,-,-,-,-,-,-,410946,415354,+
LCB_625,-,-,-,-,-,-,-,-,-,-,-,-,415444,417053,+
LCB_626,-,-,-,-,-,-,-,-,-,-,-,-,417291,424543,+
LCB_627,-,-,-,-,-,-,-,-,-,-,-,-,424605,424767,+
LCB_628,-,-,-,-,-,-,-,-,-,-,-,-,424820,426509,+
LCB_629,-,-,-,-,-,-,-,-,-,-,-,-,426613,427766,+
LCB_630,-,-,-,-,-,-,-,-,-,-,-,-,428601,438387,+
LCB_631,-,-,-,-,-,-,-,-,-,-,-,-,441554,442502,+
LCB_632,-,-,-,-,-,-,-,-,-,-,-,-,442684,443209,+
LCB_633,-,-,-,-,-,-,-,-,-,-,-,-,443372,443936,+
LCB_634,-,-,-,-,-,-,-,-,-,-,-,-,444056,448227,+
LCB_635,-,-,-,-,-,-,-,-,-,-,-,-,449078,452693,+
LCB_636,-,-,-,-,-,-,-,-,-,-,-,-,452893,461513,+
LCB_637,-,-,-,-,-,-,-,-,-,-,-,-,462037,471688,+
LCB_638,-,-,-,-,-,-,-,-,-,-,-,-,472015,477344,+
LCB_639,-,-,-,-,-,-,-,-,-,-,-,-,477738,479005,+
LCB_640,-,-,-,-,-,-,-,-,-,-,-,-,479315,479961,+
LCB_641,-,-,-,-,-,-,-,-,-,-,-,-,480625,483047,+
LCB_642,-,-,-,-,-,-,-,-,-,-,-,-,483286,499336,+
LCB_643,-,-,-,-,-,-,-,-,-,-,-,-,503996,504187,+
LCB_644,-,-,-,-,-,-,-,-,-,-,-,-,504879,505250,+
LCB_645,-,-,-,-,-,-,-,-,-,-,-,-,507370,510252,+
LCB_646,-,-,-,-,-,-,-,-,-,-,-,-,510451,510637,+
LCB_647,-,-,-,-,-,-,-,-,-,-,-,-,510806,515150,+
LCB_648,-,-,-,-,-,-,-,-,-,-,-,-,516065,517913,+
LCB_649,-,-,-,-,-,-,-,-,-,-,-,-,518261,518811,+
LCB_650,-,-,-,-,-,-,-,-,-,-,-,-,519130,525438,+
LCB_651,-,-,-,-,-,-,-,-,-,-,-,-,525595,531930,+
